period,gdp_growth_pct,industry_va_pct_gdp,services_va_pct_gdp,agriculture_va_pct_gdp,gross_capital_formation_pct,brent_usd_bbl,gdp_growth_pct_lag1,gdp_growth_pct_lag2,gdp_growth_pct_roll3_mean,gdp_growth_pct_roll3_std,industry_va_pct_gdp_lag1,industry_va_pct_gdp_lag2,industry_va_pct_gdp_roll3_mean,industry_va_pct_gdp_roll3_std,services_va_pct_gdp_lag1,services_va_pct_gdp_lag2,services_va_pct_gdp_roll3_mean,services_va_pct_gdp_roll3_std,agriculture_va_pct_gdp_lag1,agriculture_va_pct_gdp_lag2,agriculture_va_pct_gdp_roll3_mean,agriculture_va_pct_gdp_roll3_std,gross_capital_formation_pct_lag1,gross_capital_formation_pct_lag2,gross_capital_formation_pct_roll3_mean,gross_capital_formation_pct_roll3_std,brent_usd_bbl_lag1,brent_usd_bbl_lag2,brent_usd_bbl_roll3_mean,brent_usd_bbl_roll3_std
1991Q1,10.687415726767227,24.821274114263275,40.35879499753805,31.742879001348605,18.33205565516192,20.73,10.687415726767227,10.687415726767227,0.2024848547173216,0.0,24.821274114263275,24.821274114263275,29.139922122548118,0.0,40.35879499753805,40.35879499753805,35.003355381657606,0.0,31.742879001348605,31.742879001348605,30.47220883909782,0.0,18.33205565516192,18.33205565516192,5.461669795877597,0.0,20.73,20.73,19.822222222222223,0.0
1991Q2,-0.700000175699572,29.6032934131737,34.2440119760479,30.4827844311377,3.1062874251497,18.846666666666668,10.687415726767227,10.687415726767227,0.2024848547173216,0.0,24.821274114263275,24.821274114263275,29.139922122548118,0.0,40.35879499753805,40.35879499753805,35.003355381657606,0.0,31.742879001348605,31.742879001348605,30.47220883909782,0.0,18.33205565516192,18.33205565516192,5.461669795877597,0.0,20.73,20.73,19.822222222222223,0.0
1991Q3,-9.379960986915691,32.99519884020739,30.40725917138688,29.190963084807166,-5.05333369267883,19.89,-0.700000175699572,10.687415726767227,0.2024848547173216,10.064082743340835,29.6032934131737,24.821274114263275,29.139922122548118,4.106616133884701,34.2440119760479,40.35879499753805,35.003355381657606,5.019035577730526,30.4827844311377,31.742879001348605,30.47220883909782,1.2759908281937704,3.1062874251497,18.33205565516192,5.461669795877597,11.869287186759689,18.846666666666668,20.73,19.822222222222223,0.9434942932956621
1991Q4,-15.694955452219574,35.167625844147125,28.474323724079234,27.960863655344905,-7.502569429208977,20.576666666666668,-9.379960986915691,-0.700000175699572,-8.591638871611613,7.528496513535549,32.99519884020739,29.6032934131737,32.5887060325094,2.8043495061472408,30.40725917138688,34.2440119760479,31.04186495717134,2.936727602066575,29.190963084807166,30.4827844311377,29.211537057096592,1.2610862643354885,-5.05333369267883,3.1062874251497,-3.149871898912702,5.554667950410161,19.89,18.846666666666668,19.77111111111111,0.8711061507795287
1992Q1,-19.987472316949663,36.291209873775735,28.07099277464922,26.885934835738816,-5.597181515326034,17.94666666666667,-15.694955452219574,-9.379960986915691,-15.02079625202831,5.335793485940186,35.167625844147125,32.99519884020739,34.818011519376746,1.6755879014287816,28.474323724079234,30.40725917138688,28.984191890038446,1.2488031586784987,27.960863655344905,29.190963084807166,28.01258719196363,1.153384281335152,-7.502569429208977,-5.05333369267883,-6.0510282124046135,1.2861460032247385,20.576666666666668,19.89,19.471111111111114,1.364120935227492
1992Q2,-22.6000003264444,36.536586377876,28.8230534636211,26.0596253189768,-0.692931681915313,19.99,-19.987472316949663,-15.694955452219574,-19.427476031871212,3.486417654016933,36.291209873775735,35.167625844147125,35.99847403193295,0.7299205028982899,28.07099277464922,28.474323724079234,28.45612332078318,0.37636054653000295,26.885934835738816,27.960863655344905,26.96880793668684,0.9533245858911086,-5.597181515326034,-7.502569429208977,-4.597560875483441,3.513149958376555,17.94666666666667,20.576666666666668,19.504444444444445,1.380597025981205
1992Q3,-23.87502822604223,36.07439080523073,30.35629293151913,25.575383798046747,5.854418340137893,20.083333333333332,-22.6000003264444,-19.987472316949663,-22.154166956478765,1.9817538398881342,36.536586377876,36.291209873775735,36.30072901896082,0.23124477818307335,28.8230534636211,28.07099277464922,29.08344638992982,1.1646898981278972,26.0596253189768,26.885934835738816,26.17364798425412,0.6626740388355327,-0.692931681915313,-5.597181515326034,-0.1452316190344849,5.745412633708315,19.99,17.94666666666667,19.34,1.2075641229810983
1992Q4,-24.15504476108159,35.07525860462272,32.29649831886757,25.526658965936566,12.689106819948279,19.203333333333333,-23.87502822604223,-22.6000003264444,-23.543357771189406,0.8288816359352974,36.07439080523073,36.536586377876,35.89541192924315,0.7469235528202414,30.35629293151913,28.8230534636211,30.491948238002596,1.7406914035067953,25.575383798046747,26.0596253189768,25.720556027653373,0.29465151544649326,5.854418340137893,-0.692931681915313,5.950197826056953,6.691533374256015,20.083333333333332,19.99,19.758888888888887,0.48338313919629144
1993Q1,-23.782538676900938,33.70982522483478,34.26945676619068,26.006899515634153,18.45537202663055,18.216666666666665,-24.15504476108159,-23.87502822604223,-23.937537221341586,0.19396063146406203,35.07525860462272,36.07439080523073,34.953158211562744,1.187002095822621,32.29649831886757,30.35629293151913,32.307416005525795,1.9566047623771412,25.526658965936566,25.575383798046747,25.70298075987249,0.2643264740690462,12.689106819948279,5.854418340137893,12.332965728905572,6.308021544813399,19.203333333333333,20.083333333333332,19.167777777777776,0.933841131702422
1993Q2,-23.0999987188387,32.1487261146497,35.9009554140127,27.1095541401274,21.7974522292994,18.276666666666667,-23.782538676900938,-24.15504476108159,-23.679194052273743,0.5350613248896204,33.70982522483478,35.07525860462272,33.6446033147024,1.4643560109781557,34.26945676619068,32.29649831886757,34.15563683302364,1.804922150835113,26.006899515634153,25.526658965936566,26.214370873899373,0.8115864442525019,18.45537202663055,12.689106819948279,17.647310358626076,4.607625393680082,18.216666666666665,19.203333333333333,18.56555555555556,0.5531458852512322
1993Q3,-22.38086247887991,30.567151829844455,36.91857337271111,28.814514906644984,21.85184135422918,16.496666666666666,-23.0999987188387,-23.782538676900938,-23.087799958206517,0.7009177186699128,32.1487261146497,33.70982522483478,32.14190105644298,1.5713478141263302,35.9009554140127,34.26945676619068,35.696328517638165,1.3363602896583098,27.1095541401274,26.006899515634153,27.31032285413551,1.414534235483022,21.7974522292994,18.45537202663055,20.701555203386377,1.9454417729357305,18.276666666666667,18.216666666666665,17.663333333333334,1.0108082574520911
1993Q4,-21.622362935595884,29.158513354172726,37.457057632076136,30.64744737937866,19.724055956332847,15.18,-22.38086247887991,-23.0999987188387,-22.367741377771495,0.7389052709587809,30.567151829844455,32.1487261146497,30.624797099555625,1.4959396114381829,36.91857337271111,35.9009554140127,36.758862139599984,0.7902495091754662,28.814514906644984,27.1095541401274,28.85717214205035,1.7693323240375847,21.85184135422918,21.7974522292994,21.124449846620475,1.2130815430933857,16.496666666666666,18.276666666666667,16.65111111111111,1.5540997155671619
1994Q1,-20.752681914204548,28.120776778382353,37.752947151751215,32.020460496760954,17.01186824768302,13.969999999999999,-21.622362935595884,-22.38086247887991,-21.585302442893447,0.8147227122685348,29.158513354172726,30.567151829844455,29.282147320799847,1.227864708093668,37.457057632076136,36.91857337271111,37.37619271884615,0.42302393718484044,30.64744737937866,28.814514906644984,30.494140927594866,1.608461666566817,19.724055956332847,21.85184135422918,19.529255186081684,2.4258597286509254,15.18,16.496666666666666,15.215555555555554,1.263708534140399
1994Q2,-19.7000012399238,27.6519081932212,38.0427808913798,32.3456631972244,15.3130504403523,16.060000000000002,-20.752681914204548,-21.622362935595884,-20.69168202990808,0.9626314775966924,28.120776778382353,29.158513354172726,28.310399441925426,0.7709943862624742,37.752947151751215,37.457057632076136,37.750928558402386,0.2928668471538535,32.020460496760954,30.64744737937866,31.671190357788003,0.9013747630586307,17.01186824768302,19.724055956332847,17.34965821478939,2.2248188604717836,13.969999999999999,15.18,15.07,1.0493331215586503
1994Q3,-18.38589462218119,27.880684767184043,38.47043160764862,31.25288172079107,15.806191165790903,16.796666666666667,-19.7000012399238,-20.752681914204548,-19.612859258769845,1.1857975438836215,27.6519081932212,28.120776778382353,27.884456579595867,0.23445704822917257,38.0427808913798,37.752947151751215,38.08871988359321,0.3609415179332717,32.3456631972244,32.020460496760954,31.87300180492547,0.5611157529042692,15.3130504403523,17.01186824768302,16.043703284608743,0.8739590897547508,16.060000000000002,13.969999999999999,15.60888888888889,1.4663345583587173
1994Q4,-16.70550330724283,28.659127979753432,38.80910724541766,29.242811513841286,17.993144732959458,16.536666666666665,-18.38589462218119,-19.7000012399238,-18.26379972311594,1.5009779613608614,27.880684767184043,27.6519081932212,28.06390698005289,0.5280158227381596,38.47043160764862,38.0427808913798,38.440773248148695,0.3840230903729623,31.25288172079107,32.3456631972244,30.947118810618917,1.5738616077012801,15.806191165790903,15.3130504403523,16.370795446367552,1.426467612513665,16.796666666666667,16.060000000000002,16.464444444444442,0.3736060511842502
1995Q1,-14.547360425584449,29.770070388158857,38.73934954659022,27.033865324344905,20.956581870196178,16.89,-16.70550330724283,-18.38589462218119,-16.54625278500282,1.9242158769836537,28.659127979753432,27.880684767184043,28.769961045032108,0.9495564661755656,38.80910724541766,38.47043160764862,38.6729627998855,0.17883147655904053,29.242811513841286,31.25288172079107,29.176519519659085,2.110289271578635,17.993144732959458,15.806191165790903,18.251972589648847,2.5849323001879285,16.536666666666665,16.796666666666667,16.74111111111111,0.18310086271214907
1995Q2,-11.7999991076818,30.9963445496298,37.9417002530696,25.3444559002718,23.7791733058393,18.103333333333335,-14.547360425584449,-16.70550330724283,-14.350954280169693,2.4586427950081036,29.770070388158857,28.659127979753432,29.808514305847364,1.1690824499288042,38.73934954659022,38.80910724541766,38.496719015025825,0.4819241680276938,27.033865324344905,29.242811513841286,27.207044246152662,1.9549392130398977,20.956581870196178,17.993144732959458,20.909633302998312,2.8932999822895886,16.89,16.536666666666665,17.176666666666666,0.8217325869432525
1995Q3,-8.445873867014036,32.158880903147356,36.2493060786977,24.686919962077976,25.757452061652472,16.21666666666667,-11.7999991076818,-14.547360425584449,-11.597744466760096,3.0557674585829724,30.9963445496298,29.770070388158857,30.975098613645333,1.1945469691379835,37.9417002530696,38.73934954659022,37.643451959452506,1.2715318130046431,25.3444559002718,27.033865324344905,25.688413728898226,1.2106892145681358,23.7791733058393,20.956581870196178,23.497735745895984,2.412777232550398,18.103333333333335,16.89,17.070000000000004,0.9561264444506185
1995Q4,-4.84312474907396,33.231001414699094,34.105733625070954,24.749290120164005,27.043400333101033,16.966666666666665,-8.445873867014036,-11.7999991076818,-8.362999241256597,3.479177541181194,32.158880903147356,30.9963445496298,32.128742289158744,1.1176332485167684,36.2493060786977,37.9417002530696,36.09891331894608,1.9224004472063805,24.686919962077976,25.3444559002718,24.92688866083793,0.362965988408322,25.757452061652472,23.7791733058393,25.526675233530938,1.6443047101054322,16.21666666666667,18.103333333333335,17.09555555555556,0.9499142261473088
1996Q1,-1.4438131823577867,34.22412593202415,32.107154465724406,25.01352295741661,28.00286260907576,18.566666666666666,-4.84312474907396,-8.445873867014036,-4.910937266148594,3.501522863127719,33.231001414699094,32.158880903147356,33.20466941662354,1.0328742846624688,34.105733625070954,36.2493060786977,34.15406472316435,2.071498712888011,24.749290120164005,24.686919962077976,24.816577679886194,0.17338711287480285,27.043400333101033,25.757452061652472,26.93457166794309,1.1266542905390375,16.966666666666665,16.21666666666667,17.25,1.2003471720020564
1996Q2,1.29999940463827,35.1496743028617,30.8497401741931,24.9615750567225,29.0016833784674,19.503333333333334,-1.4438131823577867,-4.84312474907396,-1.6623128422644922,3.077385281048683,34.22412593202415,33.231001414699094,34.201600549861645,0.9595347610032985,32.107154465724406,34.105733625070954,32.35420942166282,1.6419958743798213,25.01352295741661,24.749290120164005,24.908129378101037,0.13998956565799336,28.00286260907576,27.043400333101033,28.0159821068814,0.9792074409232117,18.566666666666666,16.966666666666665,18.345555555555553,1.2827069178253627
1996Q3,3.0787667203314464,35.99698693992568,30.783749412999313,24.214415644485822,30.30460293922069,20.903333333333332,1.29999940463827,-1.4438131823577867,0.97831764753731,2.2783857462446315,35.1496743028617,34.22412593202415,35.12359572493717,0.8867181668964709,30.8497401741931,32.107154465724406,31.246881350972274,0.7457486635019418,24.9615750567225,25.01352295741661,24.729837886208305,0.44712382126576394,29.0016833784674,28.00286260907576,29.103049642254618,1.1542133582789573,19.503333333333334,18.566666666666666,19.657777777777778,1.175964537132215
1996Q4,4.1530030207927755,36.66708651582914,31.775789200614252,22.94906452118046,31.771944825496167,23.566666666666666,3.0787667203314464,1.29999940463827,2.8439230485874973,1.4409271567522721,35.99698693992568,35.1496743028617,35.93791591953883,0.7604288231667319,30.783749412999313,30.8497401741931,31.136426262602225,0.5546867764950429,24.214415644485822,24.9615750567225,24.041685074129592,1.0173133987953793,30.30460293922069,29.0016833784674,30.35941038106142,1.385943726485441,20.903333333333332,19.503333333333334,21.324444444444442,2.0641391354194947
1997Q1,4.925737699006741,37.038916268159944,33.546553644496335,21.481554130797715,33.16292838050834,21.173333333333332,4.1530030207927755,3.0787667203314464,4.052502480043654,0.9275778770729778,36.66708651582914,35.99698693992568,36.56766324130492,0.528032122030845,31.775789200614252,30.783749412999313,32.03536408603663,1.399573558713931,22.94906452118046,24.214415644485822,22.881678098821336,1.3676763910692369,31.771944825496167,30.30460293922069,31.7464920484084,1.4293326991901503,23.566666666666666,20.903333333333332,21.88111111111111,1.4659632151415365
1997Q2,5.80000014795783,36.9914194345059,35.816736852104,20.1279169173289,34.2367729474717,18.05333333333333,4.925737699006741,4.1530030207927755,4.9595802892524485,0.8240199481251953,37.038916268159944,36.66708651582914,36.89914073949833,0.20236318673043083,33.546553644496335,31.775789200614252,33.7130265657382,2.025610872218649,21.481554130797715,22.94906452118046,21.519511856435695,1.4109567826057063,33.16292838050834,31.771944825496167,33.057215384492075,1.235809793562682,21.173333333333332,23.566666666666666,20.93111111111111,2.7646364706439783
1997Q3,7.047992949704175,36.47805614798915,38.29196634050764,19.141298586169807,34.79677794968345,18.506666666666668,5.80000014795783,4.925737699006741,5.924576932222915,1.0665980351854345,36.9914194345059,37.038916268159944,36.836130616884994,0.31100961602167193,35.816736852104,33.546553644496335,35.88508561236932,2.373444559840999,20.1279169173289,21.481554130797715,20.250256544765474,1.1749145679032993,34.2367729474717,33.16292838050834,34.0654930925545,0.8302822984978049,18.05333333333333,21.173333333333332,19.244444444444444,1.6857749069899666
1997Q4,8.418611442598532,35.750354123869016,40.617603265225526,18.523297888334216,34.82256313077164,18.74,7.047992949704175,5.80000014795783,7.088868180086846,1.3097840915391095,36.47805614798915,36.9914194345059,36.40660990212135,0.6236098145899373,38.29196634050764,35.816736852104,38.24210215261239,2.400821610841909,19.141298586169807,20.1279169173289,19.264171130610972,0.8093354086446706,34.79677794968345,34.2367729474717,34.6187046759756,0.33101375019694973,18.506666666666668,18.05333333333333,18.433333333333334,0.3491577166712971
1998Q1,9.529924154067308,35.13435797293913,42.42394219138786,18.212626836240393,34.337828314446966,14.12,8.418611442598532,7.047992949704175,8.332176182123339,1.2432211856655861,35.750354123869016,36.47805614798915,35.787589414932434,0.6726225141812681,40.617603265225526,38.29196634050764,40.44450393237367,2.071419475224585,18.523297888334216,19.141298586169807,18.625741103581472,0.4727354059533495,34.82256313077164,34.79677794968345,34.65238979830068,0.27272314576170026,18.74,18.506666666666668,17.122222222222224,2.6026169166465585
1998Q2,9.99999961153691,34.9561123059931,43.3412776841249,18.1479974423066,33.3662733244202,13.366666666666667,9.529924154067308,8.418611442598532,9.31617840273425,0.8120730077241132,35.13435797293913,35.750354123869016,35.280274800933746,0.4167418947437851,42.42394219138786,40.617603265225526,42.12760771357943,1.385807049013392,18.212626836240393,18.523297888334216,18.294640722293735,0.20064225458836252,34.337828314446966,34.82256313077164,34.175554923212935,0.7415824230304777,14.12,18.74,15.408888888888889,2.9093132701212756
1998Q3,9.596448558834277,35.447319127742034,43.12988628793044,18.25679946737542,31.9536107077074,12.443333333333333,9.99999961153691,9.529924154067308,9.708790774812831,0.2543782892600256,34.9561123059931,35.13435797293913,35.17926313555809,0.248663207281404,43.3412776841249,42.42394219138786,42.965035387814396,0.48037273653961293,18.1479974423066,18.212626836240393,18.20580791530747,0.05472059417419667,33.3662733244202,34.337828314446966,33.21923744885819,1.1988903455272664,13.366666666666667,14.12,13.31,0.8397684866147348
1998Q4,8.685050605388463,36.4623100185669,42.069972464752645,18.421133665986645,30.23360390454606,11.186666666666667,9.596448558834277,9.99999961153691,9.427166258586551,0.6736208837880454,35.447319127742034,34.9561123059931,35.62191381743401,0.7681278321946367,43.12988628793044,43.3412776841249,42.847045478935996,0.6812146744053871,18.25679946737542,18.1479974423066,18.275310191889556,0.13750576119955268,31.9536107077074,33.3662733244202,31.85116264555789,1.568845476021251,12.443333333333333,13.366666666666667,12.332222222222223,1.0942391234366309
1999Q1,7.781127577029055,37.761073952766175,40.57172265590325,18.511778541104405,28.362029078479047,11.296666666666667,8.685050605388463,9.596448558834277,8.68754224708393,0.9076630558495562,36.4623100185669,35.447319127742034,36.556901033025035,1.1597740911887473,42.069972464752645,43.12988628793044,41.92386046952878,1.2853255729261237,18.421133665986645,18.25679946737542,18.39657055815549,0.12925204721650274,30.23360390454606,31.9536107077074,30.18308123024417,1.7963237612737561,11.186666666666667,12.443333333333333,11.642222222222223,0.6959592367799838
1999Q2,7.40000129958564,39.1035999046383,39.045323302694,18.3995125956928,26.4946623930492,15.459999999999999,7.781127577029055,8.685050605388463,7.955393160667719,0.6600108331055009,37.761073952766175,36.4623100185669,37.77566129199046,1.3207053639683892,40.57172265590325,42.069972464752645,40.56233947444996,1.5123464125180468,18.511778541104405,18.421133665986645,18.444141600927953,0.05956454001734507,28.362029078479047,30.23360390454606,28.36343179202477,1.8694711504333732,11.296666666666667,11.186666666666667,12.647777777777778,2.4360768399971438
1999Q3,7.895901394635787,40.28780195063898,37.82164260245485,17.998051113998223,24.763698385223748,20.613333333333333,7.40000129958564,7.781127577029055,7.6923434237501604,0.25959814227498457,39.1035999046383,37.761073952766175,39.05082526934782,1.2641904387417113,39.045323302694,40.57172265590325,39.1462295203507,1.3778140744182903,18.3995125956928,18.511778541104405,18.303114083598476,0.27008974840000116,26.4946623930492,28.362029078479047,26.540129952250666,1.7995961821227333,15.459999999999999,11.296666666666667,15.79,4.667091647315756
1999Q4,8.978688666749004,41.26329457585295,36.9142757765886,17.392856505396125,23.207005085667443,24.016666666666666,7.895901394635787,7.40000129958564,8.09153045365681,0.8073205666649585,40.28780195063898,39.1035999046383,40.218232143710075,1.081526808149087,37.82164260245485,39.045323302694,37.92708056057915,1.0694291757242347,17.998051113998223,18.3995125956928,17.930140071695718,0.5067524575991745,24.763698385223748,26.4946623930492,24.821788621313463,1.64459827901589,20.613333333333333,15.459999999999999,20.029999999999998,4.308055761529142
2000Q1,10.197131716242778,42.0176173675222,36.25749980251624,16.712327960544243,21.838868898469418,26.926666666666666,8.978688666749004,7.895901394635787,9.02390725920919,1.151281368345176,41.26329457585295,40.28780195063898,41.189571298004715,0.8672610249480952,36.9142757765886,37.82164260245485,36.9978060605199,0.7854098649115626,17.392856505396125,17.998051113998223,17.367745193312864,0.6432293061792363,23.207005085667443,24.763698385223748,23.269857456453536,1.4634273801703046,24.016666666666666,20.613333333333333,23.85222222222222,3.1598775175512506
2000Q2,11.0999991434346,42.5383099128887,35.7855916576588,16.0848646701003,20.6735762277188,26.766666666666666,10.197131716242778,8.978688666749004,10.091939842142127,1.0645602530652876,42.0176173675222,41.26329457585295,41.93974061875462,0.6410652216567458,36.25749980251624,36.9142757765886,36.31912241225455,0.5668597442088945,16.712327960544243,17.392856505396125,16.730016378680222,0.6541752979150638,21.838868898469418,23.207005085667443,21.906483403951892,1.268067125820088,26.926666666666666,24.016666666666666,25.903333333333332,1.6358585920956699
2000Q3,11.35119884910765,42.835209750695824,35.433570005378286,15.610175382338513,19.76213702157402,30.673333333333332,11.0999991434346,10.197131716242778,10.88277656959501,0.6069241894410304,42.5383099128887,42.0176173675222,42.46371234370224,0.4138694531516254,35.7855916576588,36.25749980251624,35.82555382185111,0.4134160236111412,16.0848646701003,16.712327960544243,16.13578933766102,0.5528381930872999,20.6735762277188,21.838868898469418,20.75819404925408,1.0409485837060153,26.766666666666666,26.926666666666666,28.12222222222222,2.210774960489141
2000Q4,11.075195935907878,43.00734622569244,35.13942025280079,15.27320707599906,19.30245540447068,29.723333333333333,11.35119884910765,11.0999991434346,11.175464642816708,0.1526947386821882,42.835209750695824,42.5383099128887,42.79362196309231,0.23726762050517325,35.433570005378286,35.7855916576588,35.45286063861263,0.323517337266954,15.610175382338513,16.0848646701003,15.656082376145958,0.407771506576791,19.76213702157402,20.6735762277188,19.912722884587833,0.6978539636564566,30.673333333333332,26.766666666666666,29.054444444444442,2.0374175738837095
2001Q1,10.511594806946924,43.17604663412882,34.841869492993396,15.030216287438602,19.52915904491368,25.873333333333335,11.075195935907878,11.35119884910765,10.979329863987482,0.4279327805999835,43.00734622569244,42.835209750695824,43.00620087017236,0.17042132834908,35.13942025280079,35.433570005378286,35.13828658372416,0.295851885229166,15.27320707599906,15.610175382338513,15.304532915258726,0.29124580528018457,19.30245540447068,19.76213702157402,19.53125049031946,0.22984794513714452,29.723333333333333,30.673333333333332,28.75666666666667,2.5418169354485665
2001Q2,9.89999986533643,43.4626382722552,34.4796448190232,14.8374595530138,20.6768756114079,27.27333333333333,10.511594806946924,11.075195935907878,10.495596869397076,0.5877613474666638,43.17604663412882,43.00734622569244,43.215343710692146,0.23017581776845786,34.841869492993396,35.13942025280079,34.820311521605795,0.330415594898631,15.030216287438602,15.27320707599906,15.046960972150487,0.21835582038625936,19.52915904491368,19.30245540447068,19.83616335359742,0.7368490079197291,25.873333333333335,29.723333333333333,27.623333333333335,1.9487175269904673
2001Q3,9.44365842410106,43.956257245032134,34.011734400349525,14.655267398010274,22.908452621479594,25.30333333333333,9.89999986533643,10.511594806946924,9.951751032128136,0.5358457491662216,43.4626382722552,43.17604663412882,43.531647383805385,0.39465661333490076,34.4796448190232,34.841869492993396,34.44441623745538,0.41618728684277395,14.8374595530138,15.030216287438602,14.840981079487557,0.1874992487516903,20.6768756114079,19.52915904491368,21.038162425933724,1.7183720176136854,27.27333333333333,25.873333333333335,26.149999999999995,1.0137225129852914
2001Q4,9.200389435917597,44.617274892261264,33.47817071200059,14.460266303429474,26.099616988740348,19.349999999999998,9.44365842410106,9.89999986533643,9.514682575118362,0.35517180456577196,43.956257245032134,43.4626382722552,44.012056803182865,0.5793372282892326,34.011734400349525,34.4796448190232,33.989849977124436,0.5010955924217535,14.655267398010274,14.8374595530138,14.650997751484516,0.18863286907144156,22.908452621479594,20.6768756114079,23.228315073875947,2.7254843611178985,25.30333333333333,27.27333333333333,23.975555555555555,4.125172499199041
2002Q1,9.191654763375842,45.37387136245448,32.93924730539687,14.233156739201814,30.054315475823103,21.133333333333336,9.200389435917597,9.44365842410106,9.2785675411315,0.14303958667329422,44.617274892261264,43.956257245032134,44.64913449991596,0.7093438675483472,33.47817071200059,34.011734400349525,33.47638413924899,0.5362457795564246,14.460266303429474,14.655267398010274,14.449563480213854,0.21125876286808923,26.099616988740348,22.908452621479594,26.354128362014347,3.5797235944435792,19.349999999999998,25.30333333333333,21.92888888888889,3.055360195774941
2002Q2,9.43891626906561,46.1542268041237,32.4552577319588,13.9546391752577,34.5764948453608,25.05333333333333,9.191654763375842,9.200389435917597,9.276986822786348,0.1403030035499809,45.37387136245448,44.617274892261264,45.38179101961315,0.7685065618270707,32.93924730539687,33.47817071200059,32.957558583118754,0.5117022751110396,14.233156739201814,14.460266303429474,14.216020739296331,0.2532487513402995,30.054315475823103,26.099616988740348,30.243475769974747,4.241603560173708,21.133333333333336,19.349999999999998,21.845555555555553,2.9176100061776777
2002Q3,9.913497347991415,46.8937557942717,32.08103006803415,13.612994778261761,39.450610080973604,26.929999999999996,9.43891626906561,9.191654763375842,9.514689460144288,0.36683833170160396,46.1542268041237,45.37387136245448,46.14061798694996,0.7600335988944671,32.4552577319588,32.93924730539687,32.491845035129934,0.4302768639981963,13.9546391752577,14.233156739201814,13.933596897573759,0.3106159969108052,34.5764948453608,30.054315475823103,34.693806800719166,4.699245646680721,25.05333333333333,21.133333333333336,24.372222222222224,2.9577475163323603
2002Q4,10.386167524816626,47.55681062386466,31.849530489679857,13.226827501815498,44.383149050230614,26.736666666666665,9.913497347991415,9.43891626906561,9.91286038062455,0.47362594911580064,46.8937557942717,46.1542268041237,46.86826440742002,0.7016392954732898,32.08103006803415,32.4552577319588,32.128606096557604,0.30565336883106997,13.612994778261761,13.9546391752577,13.598153818444986,0.36413273481787717,39.450610080973604,34.5764948453608,39.47008465885501,4.90335610759208,26.929999999999996,25.05333333333333,26.24,1.0322198301610086
2003Q1,10.577557856619327,48.114978012359614,31.78825969788016,12.822321996254638,49.06110784168818,31.52,10.386167524816626,9.913497347991415,10.292407576475789,0.34181469499459394,47.55681062386466,46.8937557942717,47.52184814349866,0.6113613561247295,31.849530489679857,32.08103006803415,31.906273418531388,0.15441321961395713,13.226827501815498,13.612994778261761,13.2207147587773,0.3953718329273908,44.383149050230614,39.450610080973604,44.29828899096413,4.805810829029688,26.736666666666665,26.929999999999996,28.395555555555557,2.7075744235863692
2003Q2,10.2082994004776,48.5398446792136,31.9247183936193,12.4256629119149,53.1714825439026,26.169999999999998,10.577557856619327,10.386167524816626,10.390674927304516,0.1846704886161638,48.114978012359614,47.55681062386466,48.070544438479295,0.4930210394694749,31.78825969788016,31.849530489679857,31.85416952705977,0.0683475267445993,12.822321996254638,13.226827501815498,12.824937469995012,0.40058869873584246,49.06110784168818,44.383149050230614,48.8719131452738,4.3972204145189995,31.52,26.736666666666665,28.14222222222222,2.9389308965701497
2003Q3,9.182092009707977,48.84098162294173,32.236421706317444,12.055954199831367,56.406165679118104,28.45,10.2082994004776,10.577557856619327,9.9893164222683,0.7230466036382905,48.5398446792136,48.114978012359614,48.49860143817165,0.3647548003016587,31.9247183936193,31.78825969788016,31.98313326593897,0.22972052462341247,12.4256629119149,12.822321996254638,12.434646369333635,0.38326286896740996,53.1714825439026,49.06110784168818,52.87958535490296,3.6812187703948007,26.169999999999998,31.52,28.713333333333335,2.68470358388652
2003Q4,8.134910722580813,49.179896958291344,32.500942479138395,11.703977013836557,58.47663550433041,29.39,9.182092009707977,10.2082994004776,9.175100710922129,1.0367120193677215,48.84098162294173,48.5398446792136,48.853574420148895,0.32021190467266886,32.236421706317444,31.9247183936193,32.22069419302505,0.2884338142267014,12.055954199831367,12.4256629119149,12.061864708527608,0.36087925190588266,56.406165679118104,53.1714825439026,56.0180945757837,2.6737822217443643,28.45,26.169999999999998,28.003333333333334,1.655818025428261
2004Q1,7.885799373604909,49.756083079067864,32.44586798368191,11.353431808462341,59.099266710223105,31.923333333333336,8.134910722580813,9.182092009707977,8.4009340352979,0.6878734998423185,49.179896958291344,48.84098162294173,49.258987220100316,0.4626490255967717,32.500942479138395,32.236421706317444,32.394410723045915,0.13956610286194115,11.703977013836557,12.055954199831367,11.704454340710088,0.351261438923357,58.47663550433041,56.406165679118104,57.99402263122388,1.409923643287342,29.39,28.45,29.921111111111113,1.7965440073569408
2004Q2,9.25380179728907,50.7690323790767,31.7987854915477,10.9880190382406,57.9904339874798,35.446666666666665,7.885799373604909,8.134910722580813,8.42483729782493,0.7286293447809046,49.756083079067864,49.179896958291344,49.90167080547863,0.8045089719572031,32.44586798368191,32.500942479138395,32.24853198478933,0.3904641227440956,11.353431808462341,11.703977013836557,11.348475953513166,0.358004715162619,59.099266710223105,58.47663550433041,58.52211206734444,0.5558134490043302,31.923333333333336,29.39,32.25333333333333,3.0417885820315433
2004Q3,12.756144831257892,52.349635263761854,30.400456111335064,10.5929365489297,55.03786952161305,41.38666666666666,9.25380179728907,7.885799373604909,9.965248667383955,2.5119083792897228,50.7690323790767,49.756083079067864,50.95825024063547,1.3070886668594186,31.7987854915477,32.44586798368191,31.54836986218822,1.0454465182186619,10.9880190382406,11.353431808462341,10.978129131877546,0.38034407794642017,57.9904339874798,59.099266710223105,57.37585673977198,2.0992893264060477,35.446666666666665,31.923333333333336,36.25222222222222,4.782819174844352
2004Q4,17.70278732559914,54.35437418512174,28.5443362996414,10.159371751193998,50.81473547745133,44.163333333333334,12.756144831257892,9.25380179728907,13.237577984715365,4.245017376328866,52.349635263761854,50.7690323790767,52.49101394265343,1.7968472151736836,30.400456111335064,31.7987854915477,30.247859300841384,1.6325820731605254,10.5929365489297,10.9880190382406,10.580109112788099,0.41447254302428266,55.03786952161305,57.9904339874798,54.61434632884806,3.606548377301141,41.38666666666666,35.446666666666665,40.33222222222222,4.45297195805888
2005Q1,23.101871133516354,56.571129606793356,26.637056350063666,9.680009446924341,46.06555151465211,47.696666666666665,17.70278732559914,12.756144831257892,17.853601096791127,5.174511742715073,54.35437418512174,52.349635263761854,54.42504635189232,2.111634328767377,28.5443362996414,30.400456111335064,28.527282920346707,1.8817578361984024,10.159371751193998,10.5929365489297,10.14410591568268,0.4566549656956562,50.81473547745133,55.03786952161305,50.63938550457217,4.48872847410605,44.163333333333334,41.38666666666666,44.41555555555556,3.1625522979132614
2005Q2,27.9615381082131,58.7877819924137,25.0852465561988,9.14753443801158,41.5348372928728,51.626666666666665,23.101871133516354,17.70278732559914,22.922065522442864,5.13173844308879,56.571129606793356,54.35437418512174,56.571095261442935,2.2167039038455654,26.637056350063666,28.5443362996414,26.75554640196795,1.7325863276034466,9.680009446924341,10.159371751193998,9.662305212043306,0.5061509330592433,46.06555151465211,50.81473547745133,46.138374761658746,4.640377678380771,47.696666666666665,44.163333333333334,47.82888888888889,3.7334231139997396
2005Q3,31.482075960452505,60.81638776011668,24.18529528220639,8.566363303270144,37.80105487530562,61.47,27.9615381082131,23.101871133516354,27.515161734060655,4.2078969968265145,58.7877819924137,56.571129606793356,58.72509978644124,2.1233231010138214,25.0852465561988,26.637056350063666,25.302532729489617,1.240239107710075,9.14753443801158,9.680009446924341,9.131302396068689,0.5570004871706621,41.5348372928728,46.06555151465211,41.80048122761017,4.138647266981035,51.626666666666665,47.696666666666665,53.597777777777786,7.09507836722304
2005Q4,33.632355831235984,62.56570714602383,23.79262317449653,7.987839729208791,34.778435939281636,56.879999999999995,31.482075960452505,27.9615381082131,31.025323299967198,2.862867558337681,60.81638776011668,58.7877819924137,60.72329229951807,1.8906823345444352,24.18529528220639,25.0852465561988,24.354388337633907,0.6626938567521499,8.566363303270144,9.14753443801158,8.567245823496838,0.5798478580954978,37.80105487530562,41.5348372928728,38.038109369153354,3.3844328826987202,61.47,51.626666666666665,56.65888888888889,4.925390377459404
2006Q1,34.57339471912455,63.968676340753596,23.652408950041956,7.4750391792598565,32.215154565666694,61.75333333333333,33.632355831235984,31.482075960452505,33.22927550360435,1.584587716038956,62.56570714602383,60.81638776011668,62.45025708229804,1.5793123066115082,23.79262317449653,24.18529528220639,23.87677580224829,0.276230355538456,7.987839729208791,8.566363303270144,8.00974740391293,0.5459917999110474,34.778435939281636,37.80105487530562,34.93154846008465,2.796096055275327,56.879999999999995,61.47,60.03444444444444,2.7354998189103545
2006Q2,34.4662096226792,64.9582315349244,23.5098313258154,7.09103711685568,29.8593848353266,69.53333333333335,34.57339471912455,33.632355831235984,34.22398672434658,0.5151625922818367,63.968676340753596,62.56570714602383,63.83087167390061,1.202200412795753,23.652408950041956,23.79262317449653,23.65162115011796,0.1413975703203978,7.4750391792598565,7.987839729208791,7.5179720084414425,0.4499401651855487,32.215154565666694,34.778435939281636,32.28432511342498,2.46025493889117,61.75333333333333,56.879999999999995,62.72222222222223,6.382066308835236
2006Q3,33.45131201494014,65.50979786458743,23.171576866120144,6.874464617072147,27.522583710538004,69.62,34.4662096226792,34.57339471912455,34.1636387855813,0.6192166279691282,64.9582315349244,63.968676340753596,64.81223524675514,0.7808649530654098,23.5098313258154,23.652408950041956,23.444605713992498,0.24696286879055274,7.09103711685568,7.4750391792598565,7.146846971062561,0.30415211006485027,29.8593848353266,32.215154565666694,29.865707703843768,2.3462918172300555,69.53333333333335,61.75333333333333,66.9688888888889,4.51701146695379
2006Q4,31.587191266864444,65.76875624752478,22.690363524581652,6.766175201559349,25.2693396792208,59.68,33.45131201494014,34.4662096226792,33.168237634827925,1.4602345708090672,65.50979786458743,64.9582315349244,65.41226188234553,0.41397165157580135,23.171576866120144,23.5098313258154,23.12392390550573,0.4118069606102841,6.874464617072147,7.09103711685568,6.910558978495725,0.16541136054592595,27.522583710538004,29.8593848353266,27.55043607502847,2.295149330529187,69.62,69.53333333333335,66.27777777777779,5.714007479998681
2007Q1,28.91183122388837,65.92297654695135,22.180417102155932,6.6825780036109235,23.22752411070569,57.76333333333333,31.587191266864444,33.45131201494014,31.316778168564316,2.2817896256843344,65.76875624752478,65.50979786458743,65.73384355302119,0.2087901531888767,22.690363524581652,23.171576866120144,22.680785830952573,0.49564928990943996,6.766175201559349,6.874464617072147,6.7744059407474735,0.09620772789811351,25.2693396792208,27.522583710538004,25.339815833488164,2.148396939061398,59.68,69.62,62.35444444444445,6.364717269912712
2007Q2,25.4632157314482,66.160328626082,21.755963399799,6.54008215652051,21.5250083743234,68.58333333333333,28.91183122388837,31.587191266864444,28.654079407400335,3.070113367413456,65.92297654695135,65.76875624752478,65.95068714018605,0.1972514629751403,22.180417102155932,22.690363524581652,22.20891467551219,0.46785145298991726,6.6825780036109235,6.766175201559349,6.662945120563594,0.114317994325151,23.22752411070569,25.2693396792208,23.340624054749963,1.874726094184429,57.76333333333333,59.68,62.00888888888888,5.773724325995457
2007Q3,21.37144678008496,66.57212093355989,21.538435379932913,6.284184245118836,20.258855397364954,74.95333333333333,25.4632157314482,28.91183122388837,25.248831245140508,3.77476090912586,66.160328626082,65.92297654695135,66.21847536886442,0.32845531117496335,21.755963399799,22.180417102155932,21.824938627295946,0.3265016377053019,6.54008215652051,6.6825780036109235,6.502281468416757,0.20186893202628858,21.5250083743234,23.22752411070569,21.670462627464683,1.4896698248974274,68.58333333333333,57.76333333333333,67.1,8.690467958247861
2007Q4,17.135098940758663,66.8634162597413,21.67809465084389,5.976730660384985,19.4028943389627,88.56,21.37144678008496,25.4632157314482,21.323253817430608,4.16426755157229,66.57212093355989,66.160328626082,66.53195527312774,0.3532605488307277,21.538435379932913,21.755963399799,21.65749781019193,0.11021697800838305,6.284184245118836,6.54008215652051,6.266999020674777,0.28206865477072823,20.258855397364954,21.5250083743234,20.395586036883685,1.067643875834239,74.95333333333333,68.58333333333333,77.36555555555556,10.204455635398434
2008Q1,13.344864929534085,66.64271598041091,22.332409982284197,5.708655244835122,18.900145916209325,96.93666666666667,17.135098940758663,21.37144678008496,17.2838035501259,4.015356627565362,66.8634162597413,66.57212093355989,66.69275105790403,0.15195681458614865,21.67809465084389,21.538435379932913,21.849646671020334,0.4238767379977685,5.976730660384985,6.284184245118836,5.989856716779649,0.28798893652273805,19.4028943389627,20.258855397364954,19.520631884178993,0.6869639442583275,88.56,74.95333333333333,86.81666666666666,11.09487018601142
2008Q2,10.591437462476,65.5185214713533,23.6588501440061,5.57089184098542,18.6936308461975,121.39666666666666,13.344864929534085,17.135098940758663,13.690467110922915,3.2854919017439848,66.64271598041091,66.8634162597413,66.3415512371685,0.7212562997215687,22.332409982284197,21.67809465084389,22.556451592378057,1.0092046686446043,5.708655244835122,5.976730660384985,5.752092582068509,0.20637681200321056,18.900145916209325,19.4028943389627,18.998890367123177,0.36479655355049573,96.93666666666667,88.56,102.29777777777777,17.06217464755607
2008Q3,9.271913243861176,63.28847671149609,25.69747636997886,5.62281644559746,18.714781117411825,114.39666666666666,10.591437462476,13.344864929534085,11.069405211957084,2.078117834872255,65.5185214713533,66.64271598041091,65.14990472108677,1.707231384351813,23.6588501440061,22.332409982284197,23.896245498756382,1.6950473044259604,5.57089184098542,5.708655244835122,5.634121177139335,0.06957396479106266,18.6936308461975,18.900145916209325,18.769519293272882,0.11361918613589067,121.39666666666666,96.93666666666667,110.91000000000001,12.59724308463306
2008Q4,9.00900493081437,60.50679609233884,28.018719751039786,5.7975736724144795,18.848673803904624,54.660000000000004,9.271913243861176,10.591437462476,9.624118545717181,0.8479738264277857,63.28847671149609,65.5185214713533,63.1045980917294,2.510917427708486,25.69747636997886,23.6588501440061,25.791682088341577,2.1814609291972125,5.62281644559746,5.57089184098542,5.66376065299912,0.11875809136677179,18.714781117411825,18.6936308461975,18.75236192250465,0.08407625923796506,114.39666666666666,121.39666666666666,96.81777777777778,36.67708644876759
2009Q1,9.231829168672336,57.91683660852406,30.07560384224316,5.996750289425129,18.96879725112014,44.43333333333334,9.00900493081437,9.271913243861176,9.170915781115959,0.14164401100890842,60.50679609233884,63.28847671149609,60.570703137452995,2.686390223287734,28.018719751039786,25.69747636997886,27.930599987753936,2.1903935400655077,5.7975736724144795,5.62281644559746,5.805713469145689,0.18709976512092813,18.848673803904624,18.714781117411825,18.844084057478863,0.12707024976546358,54.660000000000004,114.39666666666666,71.16333333333334,37.78871539376683
2009Q2,9.36950260277183,56.2619552546943,31.3211521986433,6.12193306461806,18.9486398045026,58.696666666666665,9.231829168672336,9.00900493081437,9.203445567419509,0.18191719128895892,57.91683660852406,60.50679609233884,58.228529318519065,2.1395169299007057,30.07560384224316,28.018719751039786,29.805158597308747,1.6677441322419617,5.996750289425129,5.7975736724144795,5.972085675485889,0.1635802898074716,18.96879725112014,18.848673803904624,18.92203695317579,0.06432879928157668,44.43333333333334,54.660000000000004,52.59666666666667,7.352120631340034
2009Q3,8.962670179688594,56.068860091599056,31.3797277292268,6.100179156705111,18.710511848368228,68.2,9.36950260277183,9.231829168672336,9.188000650377584,0.20692718376181649,56.2619552546943,57.91683660852406,56.749217318272464,1.0157866610309152,31.3211521986433,30.07560384224316,30.925494590037754,0.7366094525503418,6.12193306461806,5.996750289425129,6.0729541702494325,0.06688483921734859,18.9486398045026,18.96879725112014,18.87598296799699,0.14365618412435158,58.696666666666665,44.43333333333334,57.11000000000001,11.962514135600541
2009Q4,7.99809005095434,56.997663444415736,30.561050758709488,5.960427287290885,18.372011922521047,74.63,8.962670179688594,9.36950260277183,8.776754277804919,0.7043554775468688,56.068860091599056,56.2619552546943,56.44282626356969,0.49010678269075736,31.3797277292268,31.3211521986433,31.08731022885986,0.4566941488990014,6.100179156705111,6.12193306461806,6.060846502871352,0.08764315301815952,18.710511848368228,18.9486398045026,18.677054525130625,0.2897662384208043,68.2,58.696666666666665,67.17555555555556,8.015914956671612
2010Q1,6.574048669339764,58.49182870442873,29.34618096573951,5.757086568703167,18.099560605637073,76.25,7.99809005095434,8.962670179688594,7.84493629999423,1.2016531252819507,56.997663444415736,56.068860091599056,57.18611741348118,1.2224280749932805,30.561050758709488,31.3797277292268,30.428986484558596,1.0231856328170708,5.960427287290885,6.100179156705111,5.939231004233054,0.17252562939261468,18.372011922521047,18.710511848368228,18.394028125508783,0.3060700739118834,74.63,68.2,73.02666666666666,4.25777328345848
2010Q2,4.78883248761557,59.9948192629224,28.216178028965,5.54456611326975,18.0595784763923,78.51,6.574048669339764,7.99809005095434,6.4536570693032225,1.6080124781795213,58.49182870442873,56.997663444415736,58.49477047058895,1.4985800748018898,29.34618096573951,30.561050758709488,29.374469917804664,1.172692299063231,5.757086568703167,5.960427287290885,5.754026656421267,0.2079474724833003,18.099560605637073,18.372011922521047,18.17705033485014,0.17002105212400037,76.25,74.63,76.46333333333332,1.948777394504838
2010Q3,2.7786194247063998,61.05587498122671,27.551270518156816,5.367671233033256,18.367159448580768,76.82000000000001,4.78883248761557,6.574048669339764,4.713833527220576,1.8988258005408416,59.9948192629224,58.49182870442873,59.847507649525944,1.2883550989426904,28.216178028965,29.34618096573951,28.37120983762044,0.907442573930885,5.54456611326975,5.757086568703167,5.556441305002058,0.19497907848791354,18.0595784763923,18.099560605637073,18.17543284353671,0.1672392327663294,78.51,76.25,77.19333333333334,1.175343921298401
2010Q4,0.8311532641526631,61.64734160085384,27.328362567576722,5.232792038895656,18.932090776468648,86.46666666666665,2.7786194247063998,4.78883248761557,2.7995350588248757,1.9789225115628502,61.05587498122671,59.9948192629224,60.89934528166765,0.8373073984349105,27.551270518156816,28.216178028965,27.69860370489951,0.461881342237989,5.367671233033256,5.54456611326975,5.381676461732887,0.15635817275223085,18.367159448580768,18.0595784763923,18.452942900480576,0.44253647184300615,76.82000000000001,78.51,80.5988888888889,5.151420875548508
2011Q1,-0.7279307443512881,61.847341333361555,27.423527202609186,5.136714841473756,19.612833049440155,104.96,0.8311532641526631,2.7786194247063998,0.9606139815025893,1.756856163728838,61.64734160085384,61.05587498122671,61.51685263848071,0.41155227324917604,27.328362567576722,27.551270518156816,27.434386762780907,0.11185006099253468,5.232792038895656,5.367671233033256,5.24572603780089,0.1160201704298638,18.932090776468648,18.367159448580768,18.97069442482986,0.6237334055666973,86.46666666666665,76.82000000000001,89.41555555555556,14.299890183468538
2011Q2,-1.5729973511111,61.7339963903076,27.7128374486387,5.07622595138436,20.2678468568795,117.36,-0.7279307443512881,0.8311532641526631,-0.4899249437699107,1.2196188404788206,61.847341333361555,61.64734160085384,61.742893108174336,0.10029624590504893,27.423527202609186,27.328362567576722,27.488242406274868,0.20024054717204268,5.136714841473756,5.232792038895656,5.148577610584591,0.07895428365929226,19.612833049440155,18.932090776468648,19.60425689426277,0.6679193360107852,104.96,86.46666666666665,102.92888888888888,15.546497045005747
2011Q3,-1.4799218738713922,61.38242487014589,28.0909492395792,5.048328707854215,20.7949192566686,113.33999999999999,-1.5729973511111,-0.7279307443512881,-1.2602833231112625,0.4633737284309348,61.7339963903076,61.847341333361555,61.65458753127168,0.24241731500148875,27.7128374486387,27.423527202609186,27.742437963609024,0.3346941689421963,5.07622595138436,5.136714841473756,5.087089833570777,0.04518346054083502,20.2678468568795,19.612833049440155,20.225199720996084,0.5921959422179826,117.36,104.96,111.88666666666666,6.326462940169347
2011Q4,-0.6306219001326627,60.85572841891496,28.52685014346244,5.050894564549835,21.249143180680186,109.39666666666666,-1.4799218738713922,-1.5729973511111,-1.227847041705054,0.519301611214823,61.38242487014589,61.7339963903076,61.32404989312281,0.4420343717977115,28.0909492395792,27.7128374486387,28.11021227722678,0.4073480886156475,5.048328707854215,5.07622595138436,5.058483074596136,0.015419246510773659,20.7949192566686,20.2678468568795,20.77063643140943,0.49109862601957777,113.33999999999999,117.36,113.36555555555555,3.9817281749589912
2012Q1,0.6914744151656185,60.214004569549495,29.008110636849633,5.082012003747672,21.724938029284708,118.49000000000001,-0.6306219001326627,-1.4799218738713922,-0.4730231196128145,1.094243342555378,60.85572841891496,61.38242487014589,60.81738595287012,0.5851530639400472,28.52685014346244,28.0909492395792,28.54197000663042,0.4587676044122146,5.050894564549835,5.048328707854215,5.06041175871724,0.018750302516210626,21.249143180680186,20.7949192566686,21.25633348887783,0.4650510775751115,109.39666666666666,113.33999999999999,113.74222222222221,4.559990659509936
2012Q2,2.20293891708398,59.5173508549842,29.522301196302,5.13976950772418,22.3167232028526,108.41666666666667,0.6914744151656185,-0.6306219001326627,0.7545971440389762,1.4178346467030263,60.214004569549495,60.85572841891496,60.19569461448288,0.6693766254877256,29.008110636849633,28.52685014346244,29.01908732553802,0.49781629686205275,5.082012003747672,5.050894564549835,5.090892025340563,0.045098004046193206,21.724938029284708,21.249143180680186,21.763601470939165,0.5348391554720174,118.49000000000001,109.39666666666666,112.10111111111111,5.554595028076202
2012Q3,3.6417418915059305,58.820724612083964,30.054379551658396,5.218619537872649,23.086508418782202,109.61333333333334,2.20293891708398,0.6914744151656185,2.1787184079185073,1.4752828611103148,59.5173508549842,60.214004569549495,59.51736001220589,0.6966399787779473,29.522301196302,29.008110636849633,29.528263794936674,0.5231599420457383,5.13976950772418,5.082012003747672,5.1468003497815005,0.06857462468160869,22.3167232028526,21.724938029284708,22.3760565503065,0.6827216240747866,108.41666666666667,118.49000000000001,112.17333333333335,5.5030183636904235
2012Q4,4.831447387606875,58.15852239343452,30.578852445868264,5.298470472053713,23.966664662583398,110.08666666666666,3.6417418915059305,2.20293891708398,3.5587093987322596,1.3162199630170466,58.820724612083964,59.5173508549842,58.832199286834225,0.6794869006094512,30.054379551658396,29.522301196302,30.051844397942887,0.5282801870162555,5.218619537872649,5.13976950772418,5.21895317255018,0.07935100821113186,23.086508418782202,22.3167232028526,23.123298761406065,0.825585763029843,109.61333333333334,108.41666666666667,109.37222222222222,0.8607124525233314
2013Q1,5.617017895385199,57.56000055555179,31.067613875158703,5.35559466724484,24.85715323679397,112.49333333333334,4.831447387606875,3.6417418915059305,4.696735724832666,0.9945045233384452,58.15852239343452,58.820724612083964,58.179749187023425,0.6306300177237234,30.578852445868264,30.054379551658396,30.566948624228456,0.5067220385059624,5.298470472053713,5.218619537872649,5.2908948923904005,0.06880107973226367,23.966664662583398,23.086508418782202,23.970108772719858,0.8853274333878131,110.08666666666666,109.61333333333334,110.7311111111111,1.5443709015273461
2013Q2,5.84341590483928,57.0544154549517,31.4925578357568,5.3662644804235,25.6579354439517,102.57666666666667,5.617017895385199,4.831447387606875,5.430627062610449,0.5311084887986616,57.56000055555179,58.15852239343452,57.59097946797933,0.5527049870073076,31.067613875158703,30.578852445868264,31.046341385594587,0.45722398667135306,5.35559466724484,5.298470472053713,5.340109873240684,0.036453271828322316,24.85715323679397,23.966664662583398,24.827251114443026,0.8460318059437306,112.49333333333334,110.08666666666666,108.38555555555554,5.172562585769883
2013Q3,5.429682850578515,56.6247779030133,31.859873257277652,5.320026638340487,26.293141478538306,110.27,5.84341590483928,5.617017895385199,5.630038883600996,0.2071736461216336,57.0544154549517,57.56000055555179,57.0797313045056,0.46812500641824834,31.4925578357568,31.067613875158703,31.473348322731045,0.39647885969177216,5.3662644804235,5.35559466724484,5.347295262002942,0.024210423497238835,25.6579354439517,24.85715323679397,25.602743386427992,0.7195833377846431,102.57666666666667,112.49333333333334,108.44666666666667,5.203698471066565
2013Q4,4.591175945656345,56.06911653056808,32.31292880288838,5.259525346839882,26.783577102811282,109.21,5.429682850578515,5.84341590483928,5.28809156702471,0.638014339593707,56.6247779030133,57.0544154549517,56.58276996284436,0.49399088339319364,31.859873257277652,31.4925578357568,31.88845329864094,0.410931557563947,5.320026638340487,5.3662644804235,5.315272155201289,0.053528165410857975,26.293141478538306,25.6579354439517,26.244884675100426,0.5643702909868217,110.27,102.57666666666667,107.35222222222222,4.169574096733472
2014Q1,3.6173313477372186,55.13921442331061,33.029388069144126,5.2406791815390905,27.17421697097207,108.16666666666667,4.591175945656345,5.429682850578515,4.546063381324024,0.9070175577451798,56.06911653056808,56.6247779030133,55.944369618964004,0.7505971336358674,32.31292880288838,31.859873257277652,32.40073004310339,0.5896804364499537,5.259525346839882,5.320026638340487,5.273410388906487,0.0414560070481116,26.783577102811282,26.293141478538306,26.750311850773883,0.4414786955070857,109.21,110.27,109.21555555555555,1.0516776720691028
2014Q2,2.79758521448559,53.5868546669355,34.1869146526,5.31940671805552,27.5100357372221,109.7,3.6173313477372186,4.591175945656345,3.6686975026263817,0.8978979837020872,55.13921442331061,56.06911653056808,54.9317285402714,1.254070884621846,33.029388069144126,32.31292880288838,33.176410508210836,0.9456042721044803,5.2406791815390905,5.259525346839882,5.273203748811498,0.04110754507540489,27.17421697097207,26.783577102811282,27.155943270335154,0.36357390304953174,108.16666666666667,109.21,109.02555555555557,0.7831299972516336
2014Q3,2.3307680462332194,51.29980190142185,35.86738241325,5.5273954920560495,27.815835841680407,101.82333333333334,2.79758521448559,3.6173313477372186,2.9152282028186733,0.6512996136356699,53.5868546669355,55.13921442331061,53.341956997222645,1.9313863621196075,34.1869146526,33.029388069144126,34.36122837833137,1.4270045306615275,5.31940671805552,5.2406791815390905,5.362493797216886,0.14813484725874823,27.5100357372221,27.17421697097207,27.50002951662486,0.32092645130958714,109.7,108.16666666666667,106.56333333333333,4.175940346530384
2014Q4,2.0532877139811023,48.709746983886866,37.76950626484347,5.799408879405468,28.035730868136433,76.40333333333334,2.3307680462332194,2.79758521448559,2.393880324899968,0.3761410135879875,51.29980190142185,53.5868546669355,51.19880118408141,2.4401220659405034,35.86738241325,34.1869146526,35.941267776897824,1.7924382695788552,5.5273954920560495,5.31940671805552,5.548737029839013,0.2407116836624719,27.815835841680407,27.5100357372221,27.78720081567965,0.26401480299828045,101.82333333333334,109.7,95.97555555555556,17.401562616083737
2015Q1,1.7109464313975444,46.38436232573223,39.49621138456867,6.045979216018037,28.09366218629722,53.916666666666664,2.0532877139811023,2.3307680462332194,2.031667397203953,0.31047590426206834,48.709746983886866,51.29980190142185,48.797970403680324,2.4589070914560827,37.76950626484347,35.86738241325,37.71103335422071,1.8151209978203646,5.799408879405468,5.5273954920560495,5.790927862493184,0.25939586624640854,28.035730868136433,27.815835841680407,27.981742965371353,0.14657042564726663,76.40333333333334,101.82333333333334,77.38111111111111,23.968296034862696
2015Q2,1.04954641215085,44.8913203383597,40.6504229496138,6.17763883780802,27.9135711658698,61.693333333333335,1.7109464313975444,2.0532877139811023,1.6045935191764966,0.5102522481118695,46.38436232573223,48.709746983886866,46.661809882659604,1.9242734659997045,39.49621138456867,37.76950626484347,39.30538019967531,1.4499078046528497,6.045979216018037,5.799408879405468,6.007675644410509,0.19200220846898497,28.09366218629722,28.035730868136433,28.014321406767817,0.09193458373552335,53.916666666666664,76.40333333333334,64.00444444444445,11.420090646328909
2015Q3,-0.07875078109717408,44.625821240717016,40.9557197230298,6.13365906318234,27.456735538392245,50.23333333333333,1.04954641215085,1.7109464313975444,0.8939140208170712,0.9049420473305878,44.8913203383597,46.38436232573223,45.300501301602985,0.947991815592761,40.6504229496138,39.49621138456867,40.36745135240409,0.7698024689037393,6.17763883780802,6.045979216018037,6.119092372336133,0.06702764626908021,27.9135711658698,28.09366218629722,27.82132296351976,0.32833091056187513,61.693333333333335,53.916666666666664,55.28111111111111,5.850571038922559
2015Q4,-1.3963461897107123,45.293176481936186,40.61829481131849,5.968267140518563,26.83377848272671,43.57,-0.07875078109717408,1.04954641215085,-0.14185018621901455,1.2241665761468805,44.625821240717016,44.8913203383597,44.9367726870043,0.3359913562762255,40.9557197230298,40.6504229496138,40.74147916132069,0.18623189315736405,6.13365906318234,6.17763883780802,6.093188347169641,0.11039717409267773,27.456735538392245,27.9135711658698,27.40136172899625,0.5420219125806004,50.23333333333333,61.693333333333335,51.83222222222222,9.16684989715849
2016Q1,-2.519281506060447,46.42622531869526,39.96499490684438,5.764429300686918,26.192659539566403,33.696666666666665,-1.3963461897107123,-0.07875078109717408,-1.331459492289447,1.2215585403487563,45.293176481936186,44.625821240717016,45.44840768044949,0.9101847366017541,40.61829481131849,40.9557197230298,40.51300314706422,0.5036850864109579,5.968267140518563,6.13365906318234,5.95545183479594,0.18494817767128732,26.83377848272671,27.456735538392245,26.827724520228454,0.6320597444453192,43.57,50.23333333333333,42.5,8.320096821017643
2016Q2,-3.06359842251706,47.5578070076723,39.322666701972,5.60511177455763,25.6813382496045,45.52333333333333,-2.519281506060447,-1.3963461897107123,-2.326408706096075,0.8501955302598871,46.42622531869526,45.293176481936186,46.42573626943459,1.1323153420755474,39.96499490684438,40.61829481131849,39.96865214004495,0.6478217972163031,5.764429300686918,5.968267140518563,5.779269405254371,0.18203193808914325,26.192659539566403,26.83377848272671,26.23592542396587,0.5774370747486804,33.696666666666665,43.57,40.93,6.339929897964786
2016Q3,-2.7714459658485553,48.329752644364,38.93570636717328,5.5503901615356135,25.392863298267837,45.78666666666667,-3.06359842251706,-2.519281506060447,-2.784775298142023,0.27240315657061986,47.5578070076723,46.42622531869526,47.43792832357718,0.9574091309707119,39.322666701972,39.96499490684438,39.40778932532988,0.5198972208335444,5.60511177455763,5.764429300686918,5.63997707892672,0.11119748360003036,25.6813382496045,26.192659539566403,25.75562036247958,0.4050393574934482,45.52333333333333,33.696666666666665,41.66888888888889,6.905402340304161
2016Q4,-1.8894025004122206,48.81986067954156,38.718707985349816,5.568777535164515,25.200639949917782,49.18666666666667,-2.7714459658485553,-3.06359842251706,-2.574815629592614,0.6112950455581053,48.329752644364,47.5578070076723,48.235806777192614,0.6362501372397513,38.93570636717328,39.322666701972,38.99236035149836,0.3059391905286166,5.5503901615356135,5.60511177455763,5.574759823752586,0.027846984859354936,25.392863298267837,25.6813382496045,25.42494716593004,0.2419498806644678,45.78666666666667,45.52333333333333,46.83222222222222,2.0432553909361304
2017Q1,-0.7901537249626636,49.21492140279488,38.50381511751062,5.605896337522673,24.923162613649332,53.68,-1.8894025004122206,-2.7714459658485553,-1.8170007304078153,0.9926284542432583,48.81986067954156,48.329752644364,48.78817824223348,0.44343405975399103,38.718707985349816,38.93570636717328,38.71940982334457,0.21594648021356846,5.568777535164515,5.5503901615356135,5.575021344740935,0.02827494937144215,25.200639949917782,25.392863298267837,25.172221953944984,0.2361363380636598,49.18666666666667,45.78666666666667,49.55111111111111,3.959266673588643
2017Q2,0.153614661745507,49.7017251037138,38.1231713246647,5.60736901068842,24.3789256985575,49.669999999999995,-0.7901537249626636,-1.8894025004122206,-0.8419805212097947,1.022494153442719,49.21492140279488,48.81986067954156,49.24550239535008,0.4417268539306923,38.50381511751062,38.718707985349816,38.448564809175046,0.30158817281814976,5.605896337522673,5.568777535164515,5.594014294458536,0.02186807505410678,24.923162613649332,25.200639949917782,24.834242754041536,0.4180115235213857,53.68,49.18666666666667,50.845555555555556,2.466568316357042
2017Q3,0.6720330754201984,50.403761071512996,37.46668917135395,5.53511695782024,23.45244245234081,52.10999999999999,0.153614661745507,-0.7901537249626636,0.011831337401011574,0.741332882786097,49.7017251037138,49.21492140279488,49.77346919267389,0.5976582218995612,38.1231713246647,38.50381511751062,38.03122520450975,0.5246409475126041,5.60736901068842,5.605896337522673,5.582794102010445,0.04129618324281653,24.3789256985575,24.923162613649332,24.25151025484921,0.7435929462356492,49.669999999999995,53.68,51.81999999999999,2.020668206311272
2017Q4,0.9064963896193778,51.191314593906355,36.655357236251746,5.416257426397215,22.2923014771119,61.53,0.6720330754201984,0.153614661745507,0.5773813755950253,0.3852621604197186,50.403761071512996,49.7017251037138,50.43226692304438,0.7452037640812739,37.46668917135395,38.1231713246647,37.415072577423466,0.7352671311251792,5.53511695782024,5.60736901068842,5.519581131635292,0.09649834627740042,23.45244245234081,24.3789256985575,23.374556542670074,1.0454902302627518,52.10999999999999,49.669999999999995,54.43666666666667,6.262981185771734
2018Q1,1.1012155923635278,51.8713699582326,35.867933101564375,5.294206624978577,21.113110213586943,66.80666666666666,0.9064963896193778,0.6720330754201984,0.893248352467699,0.21489774563397432,51.191314593906355,50.403761071512996,51.15548187455065,0.7344603113349256,36.655357236251746,37.46668917135395,36.66332650305669,0.799407827446497,5.416257426397215,5.53511695782024,5.4151936697320115,0.12045868919018828,22.2923014771119,23.45244245234081,22.285951381013216,1.1696790472641423,61.53,52.10999999999999,60.148888888888884,7.445038865157207
2018Q2,1.50040167167313,52.2509114518304,35.2831743494981,5.21238076212356,20.1294761024821,74.5,1.1012155923635278,0.9064963896193778,1.1693712178853428,0.30276189155897365,51.8713699582326,51.191314593906355,51.77119866798978,0.53685388223581,35.867933101564375,36.655357236251746,35.93548822910474,0.6885813242588427,5.294206624978577,5.416257426397215,5.307614937833118,0.1025975667319232,21.113110213586943,22.2923014771119,21.178295931060315,1.082885166399316,66.80666666666666,61.53,67.61222222222221,6.522416332526831
2018Q3,2.230355838644917,52.166917769217775,35.055254010893165,5.2070043179868435,19.522649082194196,75.22333333333334,1.50040167167313,1.1012155923635278,1.6106577008938558,0.572587738191766,52.2509114518304,51.8713699582326,52.09639972642692,0.1993552911494612,35.2831743494981,35.867933101564375,35.40212048731855,0.41919322976495,5.21238076212356,5.294206624978577,5.237863901696326,0.04886822473044708,20.1294761024821,21.113110213586943,20.25507846608775,0.8026354203033078,74.5,66.80666666666666,72.17666666666668,4.664598351174088
2018Q4,2.9457401966806156,51.57634523362995,35.24000691112574,5.285534859104904,19.340449081842678,67.71333333333332,2.230355838644917,1.50040167167313,2.2254992356662187,0.7226815017086613,52.166917769217775,52.2509114518304,51.99805815155938,0.3676208284911161,35.055254010893165,35.2831743494981,35.19281175717233,0.1210679854684388,5.2070043179868435,5.21238076212356,5.2349733130717695,0.04387002383297724,19.522649082194196,20.1294761024821,19.66419142217299,0.4131181251531051,75.22333333333334,74.5,72.47888888888889,4.142908711592721
2019Q1,3.1833070722582004,50.466144575481444,35.86868332420596,5.448238223609671,19.59733852822764,63.169999999999995,2.9457401966806156,2.230355838644917,2.7864677025279083,0.49603912038899894,51.57634523362995,52.166917769217775,51.40313585944305,0.8635151878293745,35.24000691112574,35.055254010893165,35.387981415408284,0.4264260221630533,5.285534859104904,5.2070043179868435,5.313592466900473,0.12304012078256193,19.340449081842678,19.522649082194196,19.48681223075484,0.1321410490992398,67.71333333333332,75.22333333333334,68.70222222222222,6.087210940737568
2019Q2,2.47980879185565,48.8232665251868,36.972533524144,5.69538024963307,20.3077798481492,68.92333333333333,3.1833070722582004,2.9457401966806156,2.8696186869314864,0.35787333068699667,50.466144575481444,51.57634523362995,50.28858544476606,1.3851014502177317,35.86868332420596,35.24000691112574,36.0270745864919,0.8770564179007815,5.448238223609671,5.285534859104904,5.476384444115882,0.20636731410557352,19.59733852822764,19.340449081842678,19.74852248607317,0.5010734923076602,63.169999999999995,67.71333333333332,66.60222222222222,3.0333376068342512
2019Q3,0.6034168804925486,46.71735439357218,38.5138946390175,6.014809520494255,21.41891737358515,61.93,2.47980879185565,3.1833070722582004,2.0888442482021308,1.3336409959909072,48.8232665251868,50.466144575481444,48.66892183141348,1.8791550415987204,36.972533524144,35.86868332420596,37.11837049578915,1.328622234394015,5.69538024963307,5.448238223609671,5.719475997912332,0.2840531859132718,20.3077798481492,19.59733852822764,20.44134524998733,0.9181052008837648,68.92333333333333,63.169999999999995,64.67444444444445,3.73151344531818
2019Q4,-1.7520203426450842,44.54882181311032,40.17945121317423,6.344705600261293,22.60862305722411,63.410000000000004,0.6034168804925486,2.47980879185565,0.4437351099010358,2.1204287672064286,46.71735439357218,48.8232665251868,46.6964809106231,2.1372988035991565,38.5138946390175,36.972533524144,38.55529312544524,1.6038596079654455,6.014809520494255,5.69538024963307,6.018298456796207,0.3246767349992192,21.41891737358515,20.3077798481492,21.44510675965282,1.1506451586582234,61.93,68.92333333333333,64.75444444444445,3.6854207257684557
2020Q1,-3.66123535982962,42.800774996685604,41.586974645029464,6.610830798189478,23.48745075693239,50.44,-1.7520203426450842,0.6034168804925486,-1.6032796073273874,2.136213364221426,44.54882181311032,46.71735439357218,44.68898373445604,1.9620480539921408,40.17945121317423,38.5138946390175,40.0934401657404,1.5383444367398906,6.344705600261293,6.014809520494255,6.323448639648341,0.298578690879766,22.60862305722411,21.41891737358515,22.504997062580554,1.038152854631701,63.410000000000004,61.93,58.593333333333334,7.0996643113129565
2020Q2,-4.19896065333343,41.9563201571824,42.3542363329985,6.7389474235341,23.6659543305763,29.343333333333334,-3.66123535982962,-1.7520203426450842,-3.2040721186027135,1.2859346378664036,42.800774996685604,44.54882181311032,43.101972322326105,1.3222352592204,41.586974645029464,40.17945121317423,41.373554063734055,1.1029885936595485,6.610830798189478,6.344705600261293,6.5648279406616235,0.20110656622831355,23.48745075693239,22.60862305722411,23.2540093815776,0.5660022192516528,50.44,63.410000000000004,47.73111111111111,17.194127011968384
2020Q3,-2.756396603749285,42.3664014574674,42.19783704637087,6.675746055441557,22.871731286614114,42.96333333333333,-4.19896065333343,-3.66123535982962,-3.5388642056374473,0.7290259143691565,41.9563201571824,42.800774996685604,42.37449887044514,0.4222856498407002,42.3542363329985,41.586974645029464,42.046349341466275,0.4054429898391167,6.7389474235341,6.610830798189478,6.675174759055046,0.06406022328497905,23.6659543305763,23.48745075693239,23.341712124707602,0.41668617997505186,29.343333333333334,50.44,40.91555555555556,10.696372351478713
2020Q4,0.009384815048440576,43.85331486033652,41.22969503793319,6.451630352622665,21.30055373587193,44.29,-2.756396603749285,-4.19896065333343,-2.3153241473447603,2.138562970585966,42.3664014574674,41.9563201571824,42.7253454916621,0.998137185315869,42.19783704637087,42.3542363329985,41.92725613910085,0.6091459608431715,6.675746055441557,6.7389474235341,6.622107943866108,0.15098198591072234,22.871731286614114,23.6659543305763,22.612746451020783,1.203779403444613,42.96333333333333,29.343333333333334,38.86555555555555,8.273122031503274
2021Q1,3.1248437308649724,46.10719427856795,39.66055793134635,6.117932243679336,19.265237439767805,60.82,0.009384815048440576,-2.756396603749285,0.12594398072137367,2.9423522049034214,43.85331486033652,42.3664014574674,44.10897019879062,1.8834549295531653,41.22969503793319,42.19783704637087,41.029363338550134,1.280447546453441,6.451630352622665,6.675746055441557,6.4151028839145186,0.28069512665181495,21.30055373587193,22.871731286614114,21.145840820751285,1.808217777651255,44.29,42.96333333333333,49.35777777777778,9.9487142292264
2021Q2,5.61644027150554,48.8181736249399,37.7011733502712,5.72598365721349,17.0785981597198,68.83333333333333,3.1248437308649724,0.009384815048440576,2.916889605806315,2.809306215339087,46.10719427856795,43.85331486033652,46.25956092128146,2.4859338956360935,39.66055793134635,41.22969503793319,39.53047543985024,1.7678539012093377,6.117932243679336,6.451630352622665,6.098515417838496,0.36321280468082273,19.265237439767805,21.30055373587193,19.214796445119845,2.1114297151945562,60.82,44.29,57.98111111111111,12.515521178535375
2021Q3,6.742529488120112,51.64687069989135,35.59190370868614,5.327270978076218,15.03671084091288,73.42333333333333,5.61644027150554,3.1248437308649724,5.161271163496872,1.8512959642438331,48.8181736249399,46.10719427856795,48.85741286779973,2.7700466605954146,37.7011733502712,39.66055793134635,37.65121166343456,2.0347871936659083,5.72598365721349,6.117932243679336,5.723728959656348,0.3953354549965688,17.0785981597198,19.265237439767805,17.12684881346683,2.114676191168884,68.83333333333333,60.82,67.69222222222221,6.37868354001835
2021Q4,6.689046125237654,54.13583885450427,33.69157058183958,4.973898416115318,13.36868716359968,79.58666666666666,6.742529488120112,5.61644027150554,6.349338628287765,0.6352716887731058,51.64687069989135,48.8181736249399,51.53362772644517,2.6606406844414185,35.59190370868614,37.7011733502712,35.66154921359897,2.005708468950548,5.327270978076218,5.72598365721349,5.342384350468342,0.3762703323256971,15.03671084091288,17.0785981597198,15.161332054744117,1.8580924990393608,73.42333333333333,68.83333333333333,73.94777777777777,5.395815594136203
2022Q1,5.873819850731874,55.798115327521444,32.38861033529742,4.718124637427764,12.286897991799739,100.29666666666667,6.689046125237654,6.742529488120112,6.4351318213632105,0.4868454208540858,54.13583885450427,51.64687069989135,53.860274960639025,2.089296432847181,33.69157058183958,35.59190370868614,33.89069487527437,1.6109034645739417,4.973898416115318,5.327270978076218,5.006431343873101,0.3058735189960067,13.36868716359968,15.03671084091288,13.564098665437433,1.3852822519528005,79.58666666666666,73.42333333333333,84.43555555555555,14.077563841222734
2022Q2,4.71468033247649,56.1467373576856,32.0714593346256,4.61220830811053,12.0037141895326,113.54333333333334,5.873819850731874,6.689046125237654,5.759182102815337,0.9921625022352206,55.798115327521444,54.13583885450427,55.360230513237106,1.0745862136000797,32.38861033529742,33.69157058183958,32.71721341725419,0.8585890183558739,4.718124637427764,4.973898416115318,4.768077120551204,0.18594722768856944,12.286897991799739,13.36868716359968,12.553099781644006,0.7203716746730776,100.29666666666667,79.58666666666666,97.80888888888887,17.114484552024358
2022Q3,3.572564961965903,54.86935812110779,32.99316448510099,4.689319002693228,12.647736858421286,100.71333333333332,4.71468033247649,5.873819850731874,4.72035504839142,1.150637939391727,56.1467373576856,55.798115327521444,55.604736935438275,0.6602808723589174,32.0714593346256,32.38861033529742,32.484411385008,0.4682611204742794,4.61220830811053,4.718124637427764,4.673217316077174,0.054763267234624415,12.0037141895326,12.286897991799739,12.312783013251208,0.32279068335841793,113.54333333333334,100.29666666666667,104.85111111111111,7.530567584727407
2022Q4,2.5808420251773088,52.352094543372175,34.865214850844325,4.9062699294360375,14.012488050502746,88.55666666666667,3.572564961965903,4.71468033247649,3.6226957732065643,1.0678020903242753,54.86935812110779,56.1467373576856,54.45606334072185,1.9307868742238914,32.99316448510099,32.0714593346256,33.30994622352364,1.4235625990624907,4.689319002693228,4.61220830811053,4.735932413413265,0.15247185585756892,12.647736858421286,12.0037141895326,12.887979699485543,1.0257097899220164,100.71333333333332,113.54333333333334,100.93777777777778,12.49484530753614
2023Q1,1.8159875317086007,49.15567948743122,37.26371003568729,5.200785205031775,15.807720055417409,81.17333333333333,2.5808420251773088,3.572564961965903,2.6564648396172683,0.8807270716118661,52.352094543372175,54.86935812110779,52.125710717303726,2.863558644372654,34.865214850844325,32.99316448510099,35.04069645721086,2.140673999126953,4.9062699294360375,4.689319002693228,4.932124712387014,0.25671145550017455,14.012488050502746,12.647736858421286,14.155981654780481,1.5848710553784813,88.55666666666667,100.71333333333332,90.14777777777778,9.866692755220653
2023Q2,1.35447749115767,45.8408458162374,39.7647496434616,5.51058894617326,17.7431851628057,78.31666666666666,1.8159875317086007,2.5808420251773088,1.9171023493478572,0.6194034608676222,49.15567948743122,52.352094543372175,49.11620661568026,3.25580382967952,37.26371003568729,34.865214850844325,37.29789150999773,2.449946239391111,5.200785205031775,4.9062699294360375,5.205881360213691,0.30219173813336386,15.807720055417409,14.012488050502746,15.854464422908618,1.8657877727265688,81.17333333333333,88.55666666666667,82.68222222222222,5.284123319838069
2023Q3,1.2727879131224087,42.96832639274315,41.94443327799894,5.77340526955331,19.528635662308044,86.66000000000001,1.35447749115767,1.8159875317086007,1.4810843119962238,0.2928966058526594,45.8408458162374,49.15567948743122,45.98828389880393,3.09631039637962,39.7647496434616,37.26371003568729,39.65763098571594,2.342199462664815,5.51058894617326,5.200785205031775,5.494926473586115,0.2866311555973702,17.7431851628057,15.807720055417409,17.693180293510384,1.8609617415776807,78.31666666666666,81.17333333333333,82.05000000000001,4.240189985261075
2023Q4,1.6473948072007087,41.098854079900946,43.378860543131005,5.926958291864743,20.873823843564878,83.72333333333333,1.2727879131224087,1.35447749115767,1.4248867371602598,0.19697887631562397,42.96832639274315,45.8408458162374,43.302675429627165,2.3886111792668103,41.94443327799894,39.7647496434616,41.69601448819717,1.8198168369708256,5.77340526955331,5.51058894617326,5.736984169197105,0.21056051486808597,19.528635662308044,17.7431851628057,19.381881556226208,1.5704703795696056,86.66000000000001,78.31666666666666,82.89999999999999,4.232163880464507
2024Q1,2.554774182990462,40.793161740663244,43.644131042689494,5.908972129800377,21.48850199621662,83.00333333333333,1.6473948072007087,1.2727879131224087,1.824985634437857,0.6591859187448222,41.098854079900946,42.96832639274315,41.62011407110245,1.1775480031546517,43.378860543131005,41.94443327799894,42.98914162127315,0.9144144308596093,5.926958291864743,5.77340526955331,5.869778563739477,0.08394482938766919,20.873823843564878,19.528635662308044,20.630320500696513,1.0023669089650824,83.72333333333333,86.66000000000001,84.46222222222222,1.9370777915116926
2024Q2,4.07140205008956,42.6119822379825,42.316344380506095,5.657170900053031,21.0824224099037,84.64666666666666,2.554774182990462,1.6473948072007087,2.757857013426907,1.2246978220801128,40.793161740663244,41.098854079900946,41.50133268618223,0.9739192840021422,43.644131042689494,43.378860543131005,43.11311198877553,0.7026528842001546,5.908972129800377,5.926958291864743,5.83103377390605,0.15083799151748611,21.48850199621662,20.873823843564878,21.14824941656173,0.3125815156740288,83.00333333333333,83.72333333333333,83.7911111111111,0.82376057290866
2024Q3,6.273754418095894,47.11604843481118,38.97160016041253,5.109278719315521,19.365337374266545,79.84333333333333,4.07140205008956,2.554774182990462,4.299976883725303,1.8699968818703174,42.6119822379825,40.793161740663244,43.50706413781898,3.255088745690051,42.316344380506095,43.644131042689494,41.644025194536034,2.4077263190250378,5.657170900053031,5.908972129800377,5.5584739163896435,0.4088804331729224,21.0824224099037,21.48850199621662,20.645420593462287,1.1270248194494332,84.64666666666666,83.00333333333333,82.49777777777777,2.441248162844107
2024Q4,9.238307296607358,54.86609319410174,33.185997986240466,4.203019704280667,16.04699917894559,74.61333333333333,6.273754418095894,4.07140205008956,6.5278212549309345,2.592805415916815,47.11604843481118,42.6119822379825,48.198041288965136,6.1982933323254,38.97160016041253,42.316344380506095,38.15798084238636,4.6192303055616595,5.109278719315521,5.657170900053031,4.989823107883073,0.7343985003857612,19.365337374266545,21.0824224099037,18.831586321038614,2.55979284685985,79.84333333333333,84.64666666666666,79.70111111111112,5.018178435927876
